Model,role,Train_AUC,Val_AUC,AUC_Gap,Train_RMSE,Val_RMSE,RMSE_Gap
Random Forest,Rubric Model,0.773063,0.695395,0.077668,0.445107,0.462537,0.017429
Logistic Regression,Optional Extension,0.712319,0.690397,0.021921,0.374962,0.379806,0.004845
Gradient Boosting,Rubric Model,0.724127,0.689088,0.035039,0.3756,0.380497,0.004897
Decision Tree,Optional Extension,0.689931,0.667967,0.021965,0.379684,0.383817,0.004133
